{"currency": {"$USD": 0, "USD": 1}, "sex": {"female": 0, "male": 1, "other": 2}, "gender": {"female": 0, "male": 1, "other": 2}, "is_employed": {"False": 0, "True": 1}, "job": {"Accountant": 0, "Data Analyst": 1, "Data Scientist": 2, "Data Scintist": 3, "Doctor": 4, "Engineer": 5, "Lawyer": 6, "Nurse": 7, "Software Developer": 8, "SoftwareDeveloper": 9, "Teacher": 10, "nan": 11}, "location": {"   Beitbridge ": 0, "   Beitbridge   ": 1, "   Bulawayo ": 2, "   Bulawayo   ": 3, "   Chimanimani ": 4, "   Chimanimani   ": 5, "   Chipinge ": 6, "   Chipinge   ": 7, "   Chiredzi ": 8, "   Chiredzi   ": 9, "   Chivhu ": 10, "   Chivhu   ": 11, "   Gokwe ": 12, "   Gokwe   ": 13, "   Gweru ": 14, "   Gweru   ": 15, "   Harare ": 16, "   Harare   ": 17, "   Kadoma ": 18, "   Kadoma   ": 19, "   Kariba ": 20, "   Kariba   ": 21, "   Karoi ": 22, "   Karoi   ": 23, "   Kwekwe ": 24, "   Kwekwe   ": 25, "   Marondera ": 26, "   Marondera   ": 27, "   Masvingo ": 28, "   Masvingo   ": 29, "   Mutare ": 30, "   Mutare   ": 31, "   Nyanga ": 32, "   Nyanga   ": 33, "   Plumtree ": 34, "   Plumtree   ": 35, "   Redcliff   ": 36, "   Rusape ": 37, "   Rusape   ": 38, "   Shurugwi ": 39, "   Shurugwi   ": 40, "   Victoria Falls ": 41, "   Zvishavane ": 42, "   Zvishavane   ": 43, " Beitbridge ": 44, " Beitbridge   ": 45, " Bulawayo ": 46, " Bulawayo   ": 47, " Chimanimani ": 48, " Chimanimani   ": 49, " Chipinge ": 50, " Chipinge   ": 51, " Chiredzi ": 52, " Chiredzi   ": 53, " Chivhu ": 54, " Chivhu   ": 55, " Gokwe ": 56, " Gokwe   ": 57, " Gweru ": 58, " Gweru   ": 59, " Harare ": 60, " Harare   ": 61, " Kadoma ": 62, " Kadoma   ": 63, " Kariba ": 64, " Kariba   ": 65, " Karoi ": 66, " Karoi   ": 67, " Kwekwe ": 68, " Kwekwe   ": 69, " Marondera ": 70, " Marondera   ": 71, " Masvingo ": 72, " Masvingo   ": 73, " Mutare ": 74, " Mutare   ": 75, " Nyanga ": 76, " Nyanga   ": 77, " Plumtree ": 78, " Plumtree   ": 79, " Redcliff ": 80, " Rusape ": 81, " Rusape   ": 82, " Shurugwi ": 83, " Shurugwi   ": 84, " Victoria Falls ": 85, " Victoria Falls   ": 86, " Zvishavane ": 87, " Zvishavane   ": 88, "Beitbridge": 89, "Beitbridge ": 90, "Beitbridge   ": 91, "Bulawayo": 92, "Bulawayo ": 93, "Bulawayo   ": 94, "Chimanimani": 95, "Chimanimani ": 96, "Chimanimani   ": 97, "Chipinge": 98, "Chipinge ": 99, "Chipinge   ": 100, "Chiredzi": 101, "Chiredzi ": 102, "Chiredzi   ": 103, "Chivhu": 104, "Chivhu ": 105, "Chivhu   ": 106, "Gokwe": 107, "Gokwe ": 108, "Gokwe   ": 109, "Gweru": 110, "Gweru ": 111, "Gweru   ": 112, "Harare": 113, "Harare ": 114, "Harare   ": 115, "Hwange": 116, "Kadoma": 117, "Kadoma ": 118, "Kadoma   ": 119, "Kariba": 120, "Kariba ": 121, "Kariba   ": 122, "Karoi": 123, "Karoi ": 124, "Karoi   ": 125, "Kwekwe": 126, "Kwekwe ": 127, "Kwekwe   ": 128, "Marondera": 129, "Marondera ": 130, "Marondera   ": 131, "Masvingo": 132, "Masvingo ": 133, "Masvingo   ": 134, "Mutare": 135, "Mutare ": 136, "Mutare   ": 137, "Nyanga": 138, "Nyanga ": 139, "Nyanga   ": 140, "Plumtree": 141, "Plumtree ": 142, "Plumtree   ": 143, "Redcliff": 144, "Rusape": 145, "Rusape ": 146, "Rusape   ": 147, "Shurugwi": 148, "Shurugwi ": 149, "Shurugwi   ": 150, "Victoria Falls": 151, "Victoria Falls ": 152, "Victoria Falls   ": 153, "Zvishavane": 154, "Zvishavane ": 155, "Zvishavane   ": 156, "nan": 157}, "marital_status": {" ": 0, "divorced": 1, "married": 2, "single": 3}}